id,predicted_name
2,Jones
3,Kristen Bell
4,Leonard Maltin
5,Amanda Burton
6,Neil Simon
7,George W Bush
8,Natalia
9,Atwill
10,Alan Root
11,Doug Bradley
12,Martin Ritt
13,Kimberly Elise
14,Sita
15,Martin Donovan
16,Luzhin
17,Claude Lelouch
18,Elvira
19,Pierce Brosnan
20,Mélanie Thierry
21,Rupert Everett
22,Ulysses
23,Milton Raskin
24,Serge Farnel
25,Miss Parker
26,Mehta
27,Mary
28,Jack
29,Brolin
30,Duryea
31,Jane Fonda
32,Douglas Fairbanks
33,Isabelle Hupert
34,Donald Sutherland
35,Rickman
36,Price
37,Ulysses
38,Will Smith
39,Jason Alexander
40,Will Smith
41,Randolph Scott
42,Aidan Quinn
43,Ziva Rodann
44,Eddie
45,James Bolam
46,Stanley
47,Al Pacino
48,Tim Krabbé
49,Jane Fonda
50,Jeff Smith
51,Ricky
52,Iris
53,Ricky
54,Donkey Kong
55,Molly Ringwald
56,Armin Mueller-Stahl
57,Leo
58,Sadako
59,Tamilyn Tomita
60,Sean Astin
61,Michael Cooney
62,Will Smith
63,Sam Kleinman
64,Elinore Randall
65,Iris
66,George W Bush
67,Richard
68,Bob
69,Caleb Deschanel
70,Sebastian Gutierrez
71,Steve Carell
72,Peter Falk
73,Tamilyn Tomita
74,Walter Pidgeon
75,Watership Down
76,Camelia Kath
77,June Duprez
78,Stanley
79,Freddy
80,George Goble
81,Mr. Magoo
82,Tarantino
83,Carrey's
84,Eric Christmas
85,Aiden
86,Luke Wilson
87,Kevin Bacon
88,Kenneth
89,Carl Brashear
90,Alan Rickman
91,Terry Scott
92,Willie Green
93,Brosnan
94,Stanley
95,Marion
96,Don Baker
97,von Trier
98,Lin
99,Valentina Cervi
100,Jackie Chan
101,Tom Atkins
102,Miko Hughes
103,Al Pacino
104,Shawn Cassidy
105,Dick Cavett
106,Boorman
107,Cole Wlikerson
108,George
109,Elizabeth
110,Thomas Jane
111,Greta Garbo
112,Brosnan
113,Kevin Bacon
114,Alice
115,Stanley
116,McLoughlin
117,Antonio
118,Sean Connery
119,Donald Sutherland
120,Robin Williams
121,Hellman
122,Frederic Forrest
123,Boris Karloff
124,Jack Lemmon
125,Bruce Willis
126,Robin Williams
127,Renee Zellweger
128,Yaphet Kotto
129,Teri Hatchers
130,Jay Chou
131,Carl Brashear
132,Leonard Maltin
133,Elizabeth Arngrim
134,Orfevres
135,Joanna Shimkus
136,Steele
137,Tony
138,Olver Reed
139,Dane Cook
140,Ekin Cheng
141,Miss Young
142,Eric Freeman
143,Harold Lloyd's
144,TOM BOSLEY
145,Meg Ryan
146,Oprah Winfrey
147,Joan Crawford
148,Charles Bateman
149,Keisha
150,Millius
151,Sadako
152,Valerie Harper
153,Simon Scuddamore
154,Brosnan
155,Brendan Fraser`s
156,Martin Scorsese
157,Coxism State
158,Hitchcock
159,Denise Richards
160,Amelie
161,Robert Wagner
162,Brosnan
163,Walter Brennan
164,Shemp
165,Simon Pegg
166,Artimisia
167,Shakespeare
168,Adrian Pasdar
169,Iris
170,Boris Karloff
171,Graham Norton
172,Mehta
173,Momo
174,Raul Julio
175,Richard Rodney Bennet
176,James Eves
177,Raul Julio
178,Foley
179,Prizzi
180,Shakespeare
181,Michael Ironside
182,Sadako
183,Leonard Maltin
184,Boris Karloff
185,Jean-Marc Barr
186,Frederic Forrest
187,Rocky
188,Nickeleoden UK
189,Martin Landau
190,Heero Yuy
191,Mr. Bean
192,Zizek
193,Mickey Rourke
194,Alicia
195,Ike Pappas
196,Vladimir Navokov
197,Stanley
198,Kevin Williamson
199,Lars
200,Tom O'Horgan
